Type,Name,Request Count,Failure Count,Median Response Time,Average Response Time,Min Response Time,Max Response Time,Average Content Size,Requests/s,Failures/s,50%,66%,75%,80%,90%,95%,98%,99%,99.9%,99.99%,100%
POST,/cartAction | add to cart,446,446,4,4.312152903309852,0.8456110954284668,19.6642205119133,383.0,0.4702564356003089,0.4702564356003089,4,4,4,4,6,6,7,11,20,20,20
POST,/cartAction | pay,82,82,4,4.223861981455872,1.5283450484275818,7.37636536359787,383.0,0.08645970340633483,0.08645970340633483,4,4,4,4,5,6,7,7,7,7,7
GET,/category,10447,10447,4,4.426917219357113,0.796884298324585,58.201879262924194,383.0,11.015177091292438,11.015177091292438,4,4,4,5,6,7,9,11,20,57,58
GET,/product,3073,3073,4,4.357728996825381,0.8171573281288147,64.82335925102234,383.0,3.2401301044837427,3.2401301044837427,4,4,4,5,6,6,7,9,17,65,65
GET,/tools.descartes.teastore.webui,408,408,4,4.1801373967353035,0.8184835314750671,15.496857464313507,383.0,0.43018974377786107,0.43018974377786107,4,4,4,5,6,7,8,9,15,15,15
GET,/tools.descartes.teastore.webui/cart,446,446,4,3.641821611087953,0.7389113306999207,9.457945823669434,383.0,0.4702564356003089,0.4702564356003089,4,4,4,4,5,6,7,8,9,9,9
GET,/tools.descartes.teastore.webui/order,82,82,4,3.2933641497681783,0.7397308945655823,8.08841735124588,383.0,0.08645970340633483,0.08645970340633483,4,4,4,4,4,5,8,8,8,8,8
,Aggregated,14984,14984,4,4.371909145216094,0.7389113306999207,64.82335925102234,383.0,15.798929217567329,15.798929217567329,4,4,4,5,6,7,9,10,20,58,65
