Type,Name,Request Count,Failure Count,Median Response Time,Average Response Time,Min Response Time,Max Response Time,Average Content Size,Requests/s,Failures/s,50%,66%,75%,80%,90%,95%,98%,99%,99.9%,99.99%,100%
POST,/cartAction | add to cart,442,442,4,4.355973366024267,0.9204521775245667,36.84627264738083,383.0,0.46607065828405125,0.46607065828405125,4,4,4,5,6,6,8,9,37,37,37
POST,/cartAction | pay,87,87,4,4.346577257945619,1.0802745819091797,9.757131338119507,383.0,0.09173788975274312,0.09173788975274312,4,4,4,5,6,7,7,10,10,10,10
GET,/category,10525,10525,4,4.490024106944259,0.7999613881111145,62.71166354417801,383.0,11.098175743076109,11.098175743076109,4,4,4,5,6,7,10,12,23,62,63
GET,/product,3032,3032,4,4.387022696415793,0.8192211389541626,17.60273426771164,383.0,3.197118180808243,3.197118180808243,4,4,4,5,6,6,8,9,15,18,18
GET,/tools.descartes.teastore.webui,395,395,4,4.270681776577914,0.9412914514541626,14.156535267829895,383.0,0.4165111086475119,0.4165111086475119,4,4,4,5,6,7,8,9,14,14,14
GET,/tools.descartes.teastore.webui/cart,442,442,4,3.658075104741489,0.7083863019943237,37.4971404671669,383.0,0.46607065828405125,0.46607065828405125,4,4,4,4,5,6,8,9,37,37,37
GET,/tools.descartes.teastore.webui/order,87,87,4,3.6188340906439156,0.7687807083129883,6.974592804908752,383.0,0.09173788975274312,0.09173788975274312,4,4,4,5,6,6,7,7,7,7,7
,Aggregated,15010,15010,4,4.429118990957697,0.7083863019943237,62.71166354417801,383.0,15.827422128605452,15.827422128605452,4,4,4,5,6,7,9,11,20,62,63
