Type,Name,Request Count,Failure Count,Median Response Time,Average Response Time,Min Response Time,Max Response Time,Average Content Size,Requests/s,Failures/s,50%,66%,75%,80%,90%,95%,98%,99%,99.9%,99.99%,100%
POST,/cartAction | add to cart,495,0,6,5.743353159138651,1.9421949982643127,25.296702980995178,0.0,0.5220488756850614,0.0,6,6,6,6,7,9,10,11,25,25,25
POST,/cartAction | pay,88,0,5,5.708399228751659,2.0278766751289368,22.49254286289215,0.0,0.09280868901067758,0.0,5,6,6,6,7,9,21,22,22,22,22
GET,/category,10464,1,19,21.746626625048275,11.229701340198517,3687.6537203788757,68628.21588302753,11.035796838724206,0.0010546441933031543,19,20,21,22,26,30,35,40,81,3700,3700
GET,/product,3085,0,28,30.634788383927493,18.84794980287552,1395.5678269267082,57043.323176661266,3.253577336340231,0.0,28,29,30,31,35,42,52,63,260,1400,1400
GET,/tools.descartes.teastore.webui,427,3,18,22.856148505099206,8.897535502910614,509.59422439336777,8842.435597189695,0.4503330705404469,0.003163932579909463,18,22,23,24,26,28,31,40,510,510,510
GET,/tools.descartes.teastore.webui/cart,495,0,15,18.657632488192935,8.05748999118805,981.4001023769379,9579.0,0.5220488756850614,0.0,15,16,17,18,21,24,52,57,980,980,980
GET,/tools.descartes.teastore.webui/order,88,0,16,26.67143026536161,8.44612717628479,973.5598787665367,8905.0,0.09280868901067758,0.0,16,17,17,18,19,20,52,970,970,970,970
,Aggregated,15142,4,20,22.900046986627256,1.9421949982643127,3687.6537203788757,59662.21555937129,15.969422374996363,0.004218576773212617,20,22,25,27,30,33,40,49,310,3700,3700
