Type,Name,Request Count,Failure Count,Median Response Time,Average Response Time,Min Response Time,Max Response Time,Average Content Size,Requests/s,Failures/s,50%,66%,75%,80%,90%,95%,98%,99%,99.9%,99.99%,100%
POST,/cartAction | add to cart,461,461,4,4.19341105313208,0.9740591049194336,9.860292077064514,383.0,0.4861439714786359,0.4861439714786359,4,4,4,4,6,6,7,8,10,10,10
POST,/cartAction | pay,93,93,4,4.242922269528912,1.0601654648780823,11.005468666553497,383.0,0.0980724280857118,0.0980724280857118,4,4,4,4,6,7,8,11,11,11,11
GET,/category,10352,10352,4,4.402052805438016,0.8441507816314697,63.4017139673233,383.0,10.916621242400952,10.916621242400952,4,4,4,5,6,7,9,11,20,59,63
GET,/product,2993,2993,4,4.317773735686524,0.8061453700065613,40.93748331069946,383.0,3.1562449167799507,3.1562449167799507,4,4,4,4,6,6,8,9,13,41,41
GET,/tools.descartes.teastore.webui,394,394,4,4.145820015275539,0.8427798748016357,11.233031749725342,383.0,0.4154896415674242,0.4154896415674242,4,4,4,4,6,6,8,10,11,11,11
GET,/tools.descartes.teastore.webui/cart,461,461,4,3.575410863582586,0.7465854287147522,15.746280550956726,383.0,0.4861439714786359,0.4861439714786359,4,4,4,4,5,6,7,8,16,16,16
GET,/tools.descartes.teastore.webui/order,93,93,4,3.560434906713424,0.783085823059082,8.105292916297913,383.0,0.0980724280857118,0.0980724280857118,4,4,4,5,5,6,8,8,8,8,8
,Aggregated,14847,14847,4,4.339849103510383,0.7465854287147522,63.4017139673233,383.0,15.656788599877023,15.656788599877023,4,4,4,5,6,7,9,11,18,59,63
