Type,Name,Request Count,Failure Count,Median Response Time,Average Response Time,Min Response Time,Max Response Time,Average Content Size,Requests/s,Failures/s,50%,66%,75%,80%,90%,95%,98%,99%,99.9%,99.99%,100%
POST,/cartAction | add to cart,462,462,4,4.270271531173161,0.8801743388175964,12.28296011686325,383.0,0.4871667781829055,0.4871667781829055,4,4,4,4,6,6,8,9,12,12,12
POST,/cartAction | pay,77,77,4,4.730737635067531,1.3635531067848206,12.043535709381104,383.0,0.08119446303048425,0.08119446303048425,4,4,5,6,6,7,10,12,12,12,12
GET,/category,10687,10687,4,4.449412325674082,0.8184760808944702,62.91506439447403,383.0,11.269158784503704,11.269158784503704,4,4,4,5,6,7,10,11,20,60,63
GET,/product,3142,3142,4,4.386452930717996,0.7746294140815735,54.41337823867798,383.0,3.3131558810620976,3.3131558810620976,4,4,4,4,6,6,8,9,18,54,54
GET,/tools.descartes.teastore.webui,407,407,4,4.263201696427507,1.0543540120124817,18.21363717317581,383.0,0.429170733161131,0.429170733161131,4,4,4,5,6,6,9,10,18,18,18
GET,/tools.descartes.teastore.webui/cart,462,462,4,3.564960254735245,0.7252469658851624,15.320472419261932,383.0,0.4871667781829055,0.4871667781829055,4,4,4,4,5,6,7,8,15,15,15
GET,/tools.descartes.teastore.webui/order,77,77,4,3.885584218161447,0.8190050721168518,8.729077875614166,383.0,0.08119446303048425,0.08119446303048425,4,4,4,5,6,7,8,9,9,9,9
,Aggregated,15314,15314,4,4.398038500132504,0.7252469658851624,62.91506439447403,383.0,16.14820788115371,16.14820788115371,4,4,4,5,6,7,9,11,19,60,63
