Type,Name,Request Count,Failure Count,Median Response Time,Average Response Time,Min Response Time,Max Response Time,Average Content Size,Requests/s,Failures/s,50%,66%,75%,80%,90%,95%,98%,99%,99.9%,99.99%,100%
POST,/cartAction | add to cart,109,2,6,281.2273789436445,1.4030635356903076,30004.871763288975,0.0,0.2495790638164407,0.004579432363604417,6,6,7,7,8,9,10,13,30000,30000,30000
POST,/cartAction | pay,17,1,6,6.459773463361404,3.8885101675987244,8.640103042125702,0.0,0.038925175090637545,0.0022897161818022085,6,7,7,8,8,9,9,9,9,9,9
GET,/category,2788,344,22,3308.5658928670705,1.3625919818878174,30031.305067241192,60120.08967001435,6.3837287148645565,0.7876623665399597,22,25,28,31,30000,30000,30000,30000,30000,30000,30000
GET,/product,778,45,31,1307.3568498682241,1.2903064489364624,30008.094497025013,59434.676092544985,1.7813991894421182,0.10303722818109938,31,35,38,41,52,85,30000,30000,30000,30000,30000
GET,/tools.descartes.teastore.webui,89,1,21,357.90256996837894,11.45821064710617,30005.043111741543,8804.943820224718,0.20378474018039655,0.0022897161818022085,21,23,24,25,27,29,32,30000,30000,30000,30000
GET,/tools.descartes.teastore.webui/cart,108,1,17,30.42651174796952,1.072116196155548,1119.6215748786926,9490.305555555555,0.2472893476346385,0.0022897161818022085,17,18,21,21,28,52,61,100,1100,1100,1100
GET,/tools.descartes.teastore.webui/order,17,1,18,78.33671043900883,1.668676733970642,1018.2766914367676,8381.176470588236,0.038925175090637545,0.0022897161818022085,18,20,21,24,53,1000,1000,1000,1000,1000,1000
,Aggregated,3906,395,24,2639.180761658483,1.072116196155548,30031.305067241192,55249.88760880697,8.943631406119426,0.9044378918118723,24,28,31,34,62,30000,30000,30000,30000,30000,30000
