Type,Name,Request Count,Failure Count,Median Response Time,Average Response Time,Min Response Time,Max Response Time,Average Content Size,Requests/s,Failures/s,50%,66%,75%,80%,90%,95%,98%,99%,99.9%,99.99%,100%
POST,/cartAction | add to cart,469,0,6,5.9244157726576585,1.9713714718818665,58.987900614738464,0.0,0.49442290357456187,0.0,6,6,6,7,8,9,11,12,59,59,59
POST,/cartAction | pay,81,0,6,5.6900409636674105,2.170667052268982,12.200653553009033,0.0,0.08539073601181132,0.0,6,6,6,6,7,8,9,12,12,12,12
GET,/category,10456,3,19,21.450237640377075,10.97939908504486,3228.871427476406,68594.38762433053,11.022784391845668,0.0031626198522893083,19,20,21,22,26,31,36,40,94,3100,3200
GET,/product,3025,0,28,31.61835350280951,17.813928425312042,1442.4815326929092,56825.58909090909,3.1889750177250527,0.0,28,29,30,31,35,41,55,70,820,1400,1400
GET,/tools.descartes.teastore.webui,373,5,19,26.431058491043366,7.936425507068634,506.5191015601158,8785.630026809651,0.393219068301304,0.005271033087148847,19,23,24,24,26,28,36,510,510,510,510
GET,/tools.descartes.teastore.webui/cart,469,0,15,19.36139117108225,8.807241916656494,1106.260284781456,9579.0,0.49442290357456187,0.0,15,16,17,17,20,24,50,60,1100,1100,1100
GET,/tools.descartes.teastore.webui/order,81,0,17,29.978153146343466,8.246034383773804,993.1671991944313,8905.0,0.08539073601181132,0.0,17,18,19,20,22,28,54,990,990,990,990
,Aggregated,14954,8,20,23.039732252940052,1.9713714718818665,3228.871427476406,60024.824127323795,15.764605757044771,0.008433652939438156,20,22,25,27,30,33,40,49,510,3100,3200
