Type,Name,Request Count,Failure Count,Median Response Time,Average Response Time,Min Response Time,Max Response Time,Average Content Size,Requests/s,Failures/s,50%,66%,75%,80%,90%,95%,98%,99%,99.9%,99.99%,100%
POST,/cartAction | add to cart,447,0,6,5.985192704520769,2.535998821258545,17.690643668174744,0.0,0.4714923890868562,0.0,6,6,6,7,8,9,11,12,18,18,18
POST,/cartAction | pay,91,0,6,6.1680104706313585,2.930939197540283,10.871216654777527,0.0,0.09598614632416982,0.0,6,6,7,7,8,10,11,11,11,11,11
GET,/category,10412,1,18,21.551824266772933,11.283822357654572,3613.7959510087967,68594.23232808299,10.982502807991827,0.001054792816749119,18,20,21,22,25,30,35,40,120,3500,3600
GET,/product,3064,0,27,29.176343011112966,19.443407654762268,1526.740051805973,56762.062989556136,3.2318851905193005,0.0,27,28,29,30,33,39,51,61,150,1500,1500
GET,/tools.descartes.teastore.webui,366,1,19,21.183040725891708,7.477350533008575,506.77066296339035,8880.669398907105,0.3860541709301776,0.001054792816749119,19,22,23,24,26,28,31,36,510,510,510
GET,/tools.descartes.teastore.webui/cart,447,0,13,16.803785158483773,8.008942008018494,1053.7829771637917,9579.0,0.4714923890868562,0.0,13,14,15,15,18,21,28,49,1100,1100,1100
GET,/tools.descartes.teastore.webui/order,91,0,16,26.60943518628131,10.620437562465668,983.6820587515831,8905.0,0.09598614632416982,0.0,16,16,17,17,19,21,24,980,980,980,980
,Aggregated,14918,2,19,22.43707754504011,2.535998821258545,3613.7959510087967,60092.81411717388,15.735399240263357,0.002109585633498238,19,22,25,26,29,32,39,49,360,3500,3600
