Type,Name,Request Count,Failure Count,Median Response Time,Average Response Time,Min Response Time,Max Response Time,Average Content Size,Requests/s,Failures/s,50%,66%,75%,80%,90%,95%,98%,99%,99.9%,99.99%,100%
POST,/cartAction | add to cart,274,74,6,224.60398379794873,1.0883510112762451,30004.64729964733,0.0,0.2890723233940983,0.07807062748599734,6,6,6,7,8,9,18,23,30000,30000,30000
POST,/cartAction | pay,44,8,6,5.452932112596252,1.2340322136878967,9.754233062267303,0.0,0.046420373099782204,0.008440067836324037,6,6,6,6,7,8,10,10,10,10,10
GET,/category,6571,2184,17,1706.6195587853085,0.6824880838394165,30018.62519234419,78239.23603713285,6.932460719060656,2.3041385193164623,17,19,21,23,31,30000,30000,30000,30000,30000,30000
GET,/product,1934,587,26,984.7800150868071,0.7297620177268982,30013.761557638645,71675.83660806618,2.040386399431336,0.6192899774902763,26,28,29,31,40,56,30000,30000,30000,30000,30000
GET,/tools.descartes.teastore.webui,230,73,17,411.47871007737905,0.6788671016693115,30005.13333082199,6078.630434782609,0.24265195029431608,0.07701561900645684,17,21,23,23,26,29,510,30000,30000,30000,30000
GET,/tools.descartes.teastore.webui/cart,272,72,13,16.390634892398822,0.6660446524620056,1045.6404760479927,7043.382352941177,0.28696230643501724,0.07596061052691634,13,14,15,16,20,25,51,54,1000,1000,1000
GET,/tools.descartes.teastore.webui/order,44,8,15,32.290831377560444,0.8822828531265259,823.4351053833961,7285.909090909091,0.046420373099782204,0.008440067836324037,15,17,17,18,19,24,820,820,820,820,820
,Aggregated,9369,3006,17,1417.553873745211,0.6660446524620056,30018.62519234419,70057.16223716512,9.884374444814988,3.171355489498757,17,21,25,27,33,130,30000,30000,30000,30000,30000
