Type,Name,Request Count,Failure Count,Median Response Time,Average Response Time,Min Response Time,Max Response Time,Average Content Size,Requests/s,Failures/s,50%,66%,75%,80%,90%,95%,98%,99%,99.9%,99.99%,100%
POST,/cartAction | add to cart,480,480,4,4.305658924082915,0.8787736296653748,21.51581645011902,383.0,0.5062291743440275,0.5062291743440275,4,4,4,4,6,6,8,9,22,22,22
POST,/cartAction | pay,86,86,4,4.166218170592951,0.8707419037818909,8.604541420936584,383.0,0.09069939373663825,0.09069939373663825,4,4,4,4,6,6,7,9,9,9,9
GET,/category,10343,10343,4,4.458469593448864,0.8331835269927979,62.68821656703949,383.0,10.908184063000574,10.908184063000574,4,4,4,5,6,7,9,11,20,61,63
GET,/product,3154,3154,4,4.3136033648241145,0.8814707398414612,18.670618534088135,383.0,3.326347533085547,3.326347533085547,4,4,4,5,6,6,8,9,12,19,19
GET,/tools.descartes.teastore.webui,415,415,4,4.200455438659851,1.0922029614448547,15.968672931194305,383.0,0.4376773069849404,0.4376773069849404,4,4,4,4,6,6,7,9,16,16,16
GET,/tools.descartes.teastore.webui/cart,480,480,4,3.5773294822623334,0.742591917514801,9.932518005371094,383.0,0.5062291743440275,0.5062291743440275,4,4,4,4,5,6,7,8,10,10,10
GET,/tools.descartes.teastore.webui/order,86,86,4,4.26783412694931,0.7971823215484619,39.18240964412689,383.0,0.09069939373663825,0.09069939373663825,4,4,4,5,6,7,10,39,39,39,39
,Aggregated,15044,15044,4,4.3852305209635105,0.742591917514801,62.68821656703949,383.0,15.866066039232393,15.866066039232393,4,4,4,5,6,7,9,10,19,61,63
